<?xml version="1.0" encoding="UTF-8"?>
<project-private xmlns="http://www.netbeans.org/ns/project-private/1">
    <editor-bookmarks xmlns="http://www.netbeans.org/ns/editor-bookmarks/2" lastBookmarkId="0"/>
    <open-files xmlns="http://www.netbeans.org/ns/projectui-open-files/2">
        <group>
            <file>file:/home/cti/Escritorio/SplitMiner/src/Controlador/PostProcesarGrafo.java</file>
            <file>file:/home/cti/Escritorio/SplitMiner/src/Controlador/FindLoops.java</file>
            <file>file:/home/cti/Escritorio/SplitMiner/src/Vista/gBuildGraphicModel.java</file>
            <file>file:/home/cti/Escritorio/SplitMiner/src/Modelo/Element.java</file>
            <file>file:/home/cti/Escritorio/SplitMiner/src/Vista/ProcessViewer.java</file>
            <file>file:/home/cti/Escritorio/SplitMiner/src/Vista/gJPanel.java</file>
        </group>
    </open-files>
</project-private>
